City_ID,City,Lat,Lng,Max Temp,Humidity,Cloudiness,Wind Speed,Country,Date
0,lower sackville,44.7733,-63.6885,-0.22,95,100,6.69,CA,1707196663
1,enewetak,11.3474,162.3373,26.85,74,99,6.71,MH,1707196663
2,el burgo de osma,41.5862,-3.0652,5.84,74,100,1.93,ES,1707196663
3,puerto baquerizo moreno,-0.9,-89.6,25.27,83,23,4.0,EC,1707196664
4,albany,42.6001,-73.9662,-3.11,62,2,0.89,US,1707196514
5,waitangi,-43.9535,-176.5597,18.23,87,98,8.15,NZ,1707196664
6,iqaluit,63.7506,-68.5145,-11.15,78,100,5.66,CA,1707196664
7,east london,-33.0153,27.9116,22.52,100,100,1.03,ZA,1707196509
8,grytviken,-54.2811,-36.5092,6.65,92,40,7.33,GS,1707196664
9,digne-les-bains,44.0833,6.25,7.17,50,99,1.6,FR,1707196665
10,udachny,66.4167,112.4,-19.15,96,100,1.02,RU,1707196665
11,kamen'-rybolov,44.7481,132.0403,-11.55,80,100,1.15,RU,1707196665
12,libreville,0.3925,9.4537,25.01,94,20,2.06,GA,1707196665
13,ushuaia,-54.8,-68.3,12.81,44,0,6.17,AR,1707196665
14,kualakapuas,-3.0091,114.3876,31.1,64,100,2.21,ID,1707196666
15,adamstown,-25.066,-130.1015,24.2,84,98,3.9,PN,1707196666
16,fort bragg,35.139,-79.006,7.68,55,0,3.09,US,1707196666
17,brak,27.5496,14.2714,9.28,58,0,3.14,LY,1707196666
18,nadi,-17.8,177.4167,27.0,89,75,3.6,FJ,1707196666
19,kribi,2.95,9.9167,25.66,89,77,1.98,CM,1707196667
20,thurso,58.5927,-3.5259,2.14,83,95,11.92,GB,1707196667
21,edinburgh of the seven seas,-37.0676,-12.3116,15.53,65,0,2.39,SH,1707196667
22,port mathurin,-19.6833,63.4167,26.57,58,87,5.01,MU,1707196667
23,isafjordur,66.0755,-23.124,-8.59,76,99,5.7,IS,1707196667
24,ilulissat,69.2167,-51.1,-18.99,46,26,2.06,GL,1707196667
25,omaruru,-21.4333,15.9333,21.73,71,83,1.6,NA,1707196668
26,morshansk,53.4435,41.8107,-7.49,96,98,3.68,RU,1707196668
27,port-aux-francais,-49.35,70.2167,5.88,74,100,12.66,TF,1707196668
28,castelnaudary,43.3183,1.9545,7.44,92,100,2.08,FR,1707196668
29,yeosu,34.7546,127.6599,7.47,71,91,3.45,KR,1707196668
30,thinadhoo,0.5333,72.9333,28.45,75,18,4.83,MV,1707196669
31,maintirano,-18.0667,44.0167,27.8,81,64,3.57,MG,1707196669
32,san patricio,28.017,-97.5169,14.92,77,0,2.89,US,1707196669
33,ishigaki,24.3448,124.1572,20.07,77,75,4.12,JP,1707196669
34,san carlos del zulia,9.0,-71.9135,24.56,96,94,1.01,VE,1707196669
35,avarua,-21.2078,-159.775,28.03,83,40,6.17,CK,1707196670
36,vilyuchinsk,52.9306,158.4028,-3.85,77,83,1.82,RU,1707196670
37,camiri,-20.05,-63.5167,21.15,77,44,1.13,BO,1707196670
38,chonchi,-42.6128,-73.8092,14.56,91,96,0.88,CL,1707196654
39,mount isa,-20.7333,139.5,37.87,34,40,3.6,AU,1707196670
40,alice springs,-23.7,133.8833,35.12,21,0,6.17,AU,1707196671
41,labytnangi,66.6572,66.4183,-20.13,98,100,5.63,RU,1707196671
42,lebu,-37.6167,-73.65,15.64,96,91,2.61,CL,1707196646
43,nelson bay,-32.7167,152.15,21.73,97,82,6.26,AU,1707196671
44,nova vicosa,-17.8919,-39.3719,24.93,89,98,2.28,BR,1707196671
45,pampa,35.5362,-100.9599,8.53,93,0,4.12,US,1707196671
46,papatowai,-46.5619,169.4708,14.52,99,100,1.2,NZ,1707196672
47,cabo san lucas,22.8909,-109.9124,22.51,72,97,7.15,MX,1707196672
48,aral,40.5156,81.2636,-0.14,46,15,0.53,CN,1707196672
49,igarka,67.4667,86.5833,-22.77,95,74,3.46,RU,1707196672
50,wailua homesteads,22.0669,-159.378,22.44,73,20,8.23,US,1707196672
51,colonia,50.9333,6.95,11.01,76,100,5.66,DE,1707196659
52,soio,-6.1349,12.3689,25.91,86,100,2.0,AO,1707196673
53,tadine,-21.55,167.8833,27.04,75,100,7.95,NC,1707196673
54,nogliki,51.8333,143.1667,-13.14,77,31,4.02,RU,1707196673
55,talnakh,69.4865,88.3972,-25.4,89,26,2.75,RU,1707196673
56,saint-pierre,-21.3393,55.4781,27.82,57,0,1.54,RE,1707196674
57,college,64.8569,-147.8028,-24.95,75,40,2.57,US,1707196674
58,pornichet,47.2668,-2.3379,10.97,89,100,4.12,FR,1707196674
59,bredasdorp,-34.5322,20.0403,21.09,79,84,1.34,ZA,1707196674
60,nabire,-3.3667,135.4833,31.94,62,86,3.64,ID,1707196674
61,divnogorsk,55.9594,92.3619,-7.73,82,50,2.04,RU,1707196674
62,mata-utu,-13.2816,-176.1745,28.92,77,95,4.43,WF,1707196675
63,dryden,49.7833,-92.7503,0.16,93,100,2.06,CA,1707196675
64,ribeira grande,38.5167,-28.7,18.21,96,100,8.49,PT,1707196675
65,hadibu,12.65,54.0333,25.4,68,8,3.26,YE,1707196675
66,blackmans bay,-43.0167,147.3167,20.29,42,88,1.34,AU,1707196675
67,sisimiut,66.9395,-53.6735,-17.2,71,72,6.75,GL,1707196676
68,bullhead city,35.1478,-114.5683,15.52,60,0,7.2,US,1707196676
69,tazovsky,67.4667,78.7,-22.64,99,99,5.78,RU,1707196676
70,tindouf,27.6711,-8.1474,8.25,49,0,2.06,DZ,1707196676
71,bei'an,24.5399,109.533,5.96,88,100,3.55,CN,1707196676
72,san fernando,15.0286,120.6898,34.5,32,2,5.63,PH,1707196539
73,ormara,25.2088,64.6357,22.01,59,100,0.73,PK,1707196677
74,susuman,62.7833,148.1667,-25.57,85,98,1.34,RU,1707196677
75,alamosa,37.4695,-105.87,-4.01,80,0,2.06,US,1707196677
76,prado,-17.3411,-39.2208,24.55,91,68,1.98,BR,1707196553
77,geraldton,-28.7667,114.6,36.23,11,52,8.23,AU,1707196677
78,undurkhaan,47.3194,110.6556,-15.8,86,11,1.83,MN,1707196678
79,roanoke rapids,36.4615,-77.6542,3.32,100,0,2.57,US,1707196678
80,leh,34.1667,77.5833,-16.33,90,97,0.77,IN,1707196678
81,khrenovoye,51.12,40.2889,-5.89,90,95,5.69,RU,1707196678
82,mormugao,15.4,73.8,30.59,45,1,2.06,IN,1707196589
83,sumbe,-11.2061,13.8437,26.7,87,99,2.82,AO,1707196678
84,tiksi,71.6872,128.8694,-26.55,88,99,1.38,RU,1707196679
85,progreso,21.2833,-89.6667,18.39,90,98,10.97,MX,1707196679
86,iskateley,67.6803,53.1512,-18.88,97,100,1.79,RU,1707196679
87,sao vicente,-23.9631,-46.3919,26.82,26,48,1.35,BR,1707196679
88,la'ie,21.6477,-157.9253,23.58,75,54,4.02,US,1707196679
89,puerto natales,-51.7236,-72.4875,8.34,78,97,1.57,CL,1707196680
90,hobyo,5.3505,48.5268,27.37,71,45,7.75,SO,1707196680
91,lihue,21.9789,-159.3672,22.77,73,20,8.23,US,1707196680
92,georgetown,5.4112,100.3354,30.96,70,20,3.6,MY,1707196517
93,punta arenas,-53.15,-70.9167,10.06,71,75,4.12,CL,1707196680
94,al muwayh,22.4333,41.7583,13.97,21,96,3.69,SA,1707196681
95,karratha,-20.7377,116.8463,31.61,54,73,6.22,AU,1707196681
96,madugula,17.9167,82.8,28.58,42,0,1.44,IN,1707196681
97,mount pearl,47.5166,-52.7813,1.29,98,100,9.26,CA,1707196681
98,bethel,41.3712,-73.414,-0.8,55,0,0.45,US,1707196681
99,yellowknife,62.456,-114.3525,-25.95,82,40,1.54,CA,1707196682
100,pierre,44.3683,-100.351,9.51,74,0,8.23,US,1707196627
101,saipan,15.1355,145.701,29.39,61,75,6.17,MP,1707196682
102,lamar,33.6668,-95.5836,8.69,69,0,3.6,US,1707196682
103,khromtau,50.2503,58.4347,0.27,86,100,8.72,KZ,1707196682
104,lycksele,64.5954,18.6735,-14.07,85,75,0.0,SE,1707196683
105,woods creek,47.8787,-121.8985,6.35,87,100,0.38,US,1707196683
106,port blair,11.6667,92.75,29.02,61,49,3.6,IN,1707196683
107,bandar seri begawan,4.9403,114.9481,29.99,84,75,2.68,BN,1707196683
108,kampene,-3.6,26.6667,19.52,99,100,1.03,CD,1707196684
109,utrik,11.2278,169.8474,26.49,83,35,8.81,MH,1707196684
110,tumut,-35.3,148.2167,28.75,37,16,4.5,AU,1707196684
111,mashhad,36.297,59.6062,5.08,70,40,2.06,IR,1707196684
112,chillan,-36.6066,-72.1034,14.18,82,87,0.51,CL,1707196540
113,hamilton,39.1834,-84.5333,1.8,84,100,7.72,US,1707196637
114,mount gambier,-37.8333,140.7667,20.65,42,0,4.71,AU,1707196685
115,richards bay,-28.783,32.0377,23.63,82,17,1.37,ZA,1707196685
116,mutuali,-14.8706,37.0044,21.93,96,100,0.58,MZ,1707196685
117,casalbordino-miracoli,42.1535,14.5991,10.28,75,49,2.05,IT,1707196685
118,dawesville,30.9224,-84.0091,9.82,88,100,2.68,US,1707196686
119,invercargill,-46.4,168.35,14.92,99,100,0.59,NZ,1707196686
120,tacna,-18.0056,-70.2483,22.11,73,0,1.54,PE,1707196686
121,kiunga,-6.1219,141.2906,32.44,58,89,2.0,PG,1707196686
122,anchorage,61.2181,-149.9003,-2.05,84,100,3.09,US,1707196527
123,olonkinbyen,70.9221,-8.7187,-1.84,70,66,4.51,SJ,1707196687
124,ola,59.5833,151.2833,-14.92,78,100,3.86,RU,1707196687
125,ghat,24.9647,10.1728,7.7,51,24,1.15,LY,1707196687
126,ikalamavony,-21.15,46.5833,22.82,82,38,0.87,MG,1707196687
127,halifax,44.6453,-63.5724,0.27,91,97,4.02,CA,1707196432
128,keflavik,64.0049,-22.5624,-6.76,68,75,7.2,IS,1707196688
129,gadzhiyevo,69.2551,33.3362,-17.16,100,100,4.44,RU,1707196688
130,kotlas,61.2611,46.6556,-19.97,100,100,0.89,RU,1707196688
131,eyl,7.9803,49.8164,26.1,65,57,6.65,SO,1707196689
132,bikenibeu village,1.3673,173.1241,29.98,70,75,2.06,KI,1707196689
133,simplicio mendes,-7.8539,-41.9103,25.42,55,91,2.93,BR,1707196689
134,ojinaga,29.5667,-104.4167,14.53,38,0,3.6,MX,1707196689
135,hermanus,-34.4187,19.2345,22.11,87,88,2.27,ZA,1707196689
136,flying fish cove,-10.4217,105.6791,28.82,83,75,3.09,CX,1707196690
137,bilibino,68.0546,166.4372,-35.25,100,100,0.67,RU,1707196690
138,taro,-8.3862,115.28,27.0,54,58,2.15,ID,1707196690
139,longyearbyen,78.2186,15.6401,-5.09,63,75,6.69,SJ,1707196690
140,namibe,-15.1961,12.1522,24.7,80,100,1.11,AO,1707196690
141,dudinka,69.4058,86.1778,-28.51,98,45,1.79,RU,1707196691
142,lompoc,34.6391,-120.4579,11.94,89,100,1.54,US,1707196666
143,puerto ayora,-0.7393,-90.3518,25.86,95,46,1.79,EC,1707196691
144,whitehorse,60.7161,-135.0538,-18.44,79,100,1.03,CA,1707196691
145,semey,50.4111,80.2275,-2.88,59,0,7.0,KZ,1707196585
146,manado,1.487,124.8455,32.43,62,40,1.54,ID,1707196576
147,wainwright,52.839,-110.8572,-7.15,97,100,1.21,CA,1707196692
148,badger,64.8,-147.5333,-25.0,78,40,2.57,US,1707196692
149,namtsy,62.7161,129.6658,-32.39,95,73,0.72,RU,1707196692
150,ayvacik,39.6011,26.4047,10.91,83,0,2.76,TR,1707196693
151,petropavlovsk-kamchatsky,53.0452,158.6483,-4.67,74,75,2.68,RU,1707196693
152,punta alta,-38.8759,-62.0736,26.16,56,79,4.53,AR,1707196674
153,margaret river,-33.95,115.0667,23.39,48,9,4.6,AU,1707196693
154,sitka,57.0531,-135.33,1.94,87,75,2.06,US,1707196694
155,butte,39.6499,-121.5677,10.01,79,100,3.6,US,1707196694
156,port alfred,-33.5906,26.891,20.66,98,86,0.89,ZA,1707196694
157,thompson,55.7435,-97.8558,-7.91,86,100,5.66,CA,1707196694
158,carnarvon,-24.8667,113.6333,34.99,31,6,7.31,AU,1707196695
159,tsiombe,-25.3,45.4833,24.73,84,59,2.2,MG,1707196695
160,altai,46.3722,96.2583,-14.49,61,27,0.81,MN,1707196695
161,bahia de kino,28.8333,-111.9333,17.07,41,84,2.73,MX,1707196695
162,bhimunipatnam,17.8833,83.4333,28.73,64,0,2.86,IN,1707196696
163,mamontovo,52.7055,81.6244,-6.97,86,39,4.91,RU,1707196696
164,springs,-26.25,28.4,20.93,77,0,1.59,ZA,1707196696
165,san jeronimo de juarez,17.1333,-100.4667,23.55,86,4,2.19,MX,1707196696
166,kill devil hills,36.0307,-75.676,7.21,80,0,6.69,US,1707196671
167,soto la marina,23.7667,-98.2167,14.24,49,0,1.87,MX,1707196697
168,quelimane,-17.8786,36.8883,27.97,89,40,0.0,MZ,1707196697
169,gasa,31.5,34.4667,15.3,67,92,4.37,PS,1707196697
170,hithadhoo,-0.6,73.0833,28.29,75,52,3.76,MV,1707196698
171,dingras,18.1032,120.6967,28.86,79,40,3.6,PH,1707196698
172,tembisa,-25.9964,28.2268,21.28,67,0,1.79,ZA,1707196698
173,nuuk,64.1835,-51.7216,-12.66,78,75,7.72,GL,1707196698
174,nemuro,43.3236,145.575,-6.18,63,39,4.55,JP,1707196556
175,saint-francois,46.4154,3.9054,4.8,94,100,1.54,FR,1707196699
176,kapuskasing,49.4169,-82.4331,-2.95,93,100,2.57,CA,1707196699
177,tsengel,49.4783,100.8894,-14.4,78,75,1.65,MN,1707196699
178,hargeysa,9.56,44.065,16.93,55,2,5.83,SO,1707196699
179,illapel,-31.6308,-71.1653,21.41,70,0,1.31,CL,1707196649
180,humaita,-7.5061,-63.0208,23.33,97,91,0.58,BR,1707196699
181,bam,29.106,58.357,11.82,22,0,0.7,IR,1707196700
182,kodiak,57.79,-152.4072,0.73,80,0,2.06,US,1707196700
183,quellon,-43.1167,-73.6167,12.26,92,91,1.67,CL,1707196700
184,suva,-18.1416,178.4415,27.71,83,75,2.57,FJ,1707196578
185,aitape,-3.1374,142.3475,29.1,78,100,4.92,PG,1707196700
186,west bay,19.3667,-81.4167,25.03,69,10,1.79,KY,1707196701
187,marka,1.7159,44.7717,27.79,76,93,8.42,SO,1707196701
188,hangu,39.2489,117.7892,3.02,45,10,2.98,CN,1707196701
189,arcachon,44.5875,-1.0519,8.03,93,100,1.03,FR,1707196702
190,n'dalatando,-9.2978,14.9116,19.86,99,100,0.75,AO,1707196702
191,dawson creek,55.7666,-120.2362,-8.2,86,0,2.06,CA,1707196702
192,weno,7.4515,151.8468,29.97,62,75,6.17,FM,1707196702
193,mesolongi,38.3702,21.4295,13.84,76,2,1.24,GR,1707196702
194,bulgan,48.8125,103.5347,-11.99,77,49,0.8,MN,1707196703
195,el nido,11.1858,119.3956,28.27,68,77,3.6,PH,1707196703
196,lekeitio,43.3666,-2.5007,12.99,91,100,1.42,ES,1707196703
197,klaksvik,62.2266,-6.589,0.51,64,100,15.97,FO,1707196703
198,puerto lempira,15.2667,-83.7667,24.97,58,43,6.82,HN,1707196704
199,yigo village,13.5361,144.8886,28.62,63,20,6.69,GU,1707196704
200,yarim,14.298,44.3779,11.93,77,58,1.21,YE,1707196704
201,alagoa nova,-7.0708,-35.7583,23.35,96,53,1.51,BR,1707196704
202,qaqortoq,60.7167,-46.0333,-21.36,68,0,2.84,GL,1707196704
203,holualoa,19.6228,-155.9522,21.91,87,75,2.06,US,1707196704
204,general villegas,-35.0328,-63.0125,24.02,70,98,2.53,AR,1707196424
205,queenstown,-31.8976,26.8753,21.04,62,0,0.4,ZA,1707196705
206,correia pinto,-27.5847,-50.3611,16.19,99,100,1.06,BR,1707196705
207,west island,-12.1568,96.8225,29.99,74,75,4.12,CC,1707196705
208,takoradi,4.8845,-1.7554,25.56,92,10,1.17,GH,1707196497
209,manismata,-2.4667,111.0333,32.35,49,100,1.84,ID,1707196706
210,caleta de carquin,-11.0925,-77.6267,24.37,79,89,3.09,PE,1707196706
211,constantia,44.1833,28.65,5.39,80,44,5.92,RO,1707196561
212,burang,30.25,81.1667,-7.63,35,8,5.35,CN,1707196707
213,happy valley-goose bay,53.3168,-60.3315,-13.83,78,75,2.06,CA,1707196707
214,nadym,65.5333,72.5167,-14.74,95,100,8.09,RU,1707196707
215,beira,-19.8436,34.8389,28.05,89,40,1.54,MZ,1707196707
216,crane,31.3974,-102.3501,10.79,49,38,3.31,US,1707196468
217,vila franca do campo,37.7167,-25.4333,18.27,99,99,3.9,PT,1707196707
218,upington,-28.4478,21.2561,21.21,49,0,1.54,ZA,1707196708
219,puerto colombia,10.9878,-74.9547,24.05,84,39,2.73,CO,1707196708
220,ndele,8.4109,20.6473,20.71,24,77,2.96,CF,1707196708
221,stanley,54.868,-1.6985,10.16,88,75,5.14,GB,1707196708
222,portage la prairie,49.9728,-98.2926,2.28,72,100,0.64,CA,1707196708
223,cruzeiro do sul,-29.5128,-51.9853,24.73,90,100,0.97,BR,1707196709
224,plettenberg bay,-34.0527,23.3716,20.76,85,75,0.79,ZA,1707196709
225,edd,13.9297,41.6925,25.05,83,66,4.38,ER,1707196709
226,aasiaat,68.7098,-52.8699,-28.81,85,82,4.19,GL,1707196709
227,douentza,14.9951,-2.9517,17.68,13,1,2.18,ML,1707196709
228,xylofagou,34.9772,33.8492,14.16,51,0,3.17,CY,1707196710
229,levuka,50.1834,-105.4011,-1.1,84,100,2.68,CA,1707196710
230,uturoa,-16.7333,-151.4333,28.1,82,100,7.9,PF,1707196710
231,sinan,34.8262,126.1086,6.06,72,100,6.41,KR,1707196710
232,kenai,60.5544,-151.2583,-3.81,97,100,2.06,US,1707196710
233,rouissat,31.9243,5.3502,5.04,65,0,1.54,DZ,1707196711
234,anadyr,64.75,177.4833,-23.72,84,100,6.0,RU,1707196711
235,khandyga,62.6667,135.6,-31.73,94,49,0.27,RU,1707196716
236,brandfort,-28.7001,26.4597,17.67,53,0,4.62,ZA,1707196716
237,fraga,41.5229,0.3489,4.46,65,100,0.49,ES,1707196717
238,amga,60.8953,131.9608,-24.92,94,94,0.4,RU,1707196717
239,prey veng,11.4868,105.3253,33.61,41,12,3.66,KH,1707196717
240,port saint john's,-31.6229,29.5448,23.94,82,0,2.12,ZA,1707196717
241,qusmuryn,52.4503,64.6311,0.73,95,100,9.72,KZ,1707196717
242,kununurra,-15.7667,128.7333,31.99,58,40,2.57,AU,1707196717
243,thunder bay,48.4001,-89.3168,-0.05,100,100,0.0,CA,1707196563
244,hasaki,35.7333,140.8333,6.27,83,100,8.58,JP,1707196718
245,chokwe,-24.5333,32.9833,25.31,81,26,1.47,MZ,1707196718
246,luanda,-8.8368,13.2343,24.0,94,100,2.06,AO,1707196718
247,fort st. john,56.2499,-120.8529,-7.06,73,75,4.12,CA,1707196718
248,kaga bandoro,6.9896,19.1874,21.27,30,1,1.62,CF,1707196719
249,colares,38.7992,-9.4469,14.07,91,100,3.13,PT,1707196719
250,bingol,38.8847,40.4939,-1.71,93,75,1.54,TR,1707196719
251,greenville,35.6127,-77.3663,5.09,82,0,3.6,US,1707196488
252,afaahiti,-17.75,-149.2833,26.93,92,100,12.38,PF,1707196720
253,saldanha,-33.0117,17.9442,17.62,97,55,2.24,ZA,1707196720
254,haiku-pauwela,20.9219,-156.3051,22.25,69,20,8.75,US,1707196720
255,konstantinovka,49.6167,127.9833,-13.51,83,17,1.7,RU,1707196720
256,alofi,-19.0595,-169.9187,27.94,74,17,4.91,NU,1707196627
257,san antonio de pale,-1.4014,5.6325,27.82,77,100,2.81,GQ,1707196721
258,cockburn town,21.4612,-71.1419,26.19,77,63,8.25,TC,1707196721
259,shalqar,47.8333,59.6,1.07,92,86,8.24,KZ,1707196721
260,mili,6.0815,171.735,27.59,79,95,6.69,MH,1707196721
261,bopolu,7.0667,-10.4875,22.09,99,27,0.48,LR,1707196721
262,jamestown,42.097,-79.2353,-2.77,85,0,3.6,US,1707196490
263,kloulklubed,7.0419,134.2556,26.56,88,100,6.32,PW,1707196722
264,santa cruz,-17.8,-63.1667,23.7,88,40,3.09,BO,1707196722
265,asau,46.4333,26.4,8.51,74,29,5.67,RO,1707196722
266,hammerfest,70.6634,23.6821,-8.75,79,0,2.06,NO,1707196722
267,washington,47.5001,-120.5015,3.69,88,100,0.29,US,1707196560
268,alexandria,31.2156,29.9553,12.3,73,0,3.82,EG,1707196723
269,paijan,-7.7333,-79.3022,23.57,74,47,3.19,PE,1707196723
270,larache,35.1932,-6.1557,12.14,86,70,2.69,MA,1707196723
271,katsuura,35.1333,140.3,5.72,96,100,7.2,JP,1707196723
272,udon thani,17.3333,102.8333,35.46,25,1,2.06,TH,1707196723
273,acapulco de juarez,16.8634,-99.8901,23.9,88,20,2.06,MX,1707196504
274,port lincoln,-34.7333,135.8667,19.87,50,0,6.01,AU,1707196724
275,jabor,5.921,169.6434,28.07,72,99,6.45,MH,1707196724
276,kirakira,-10.4544,161.9205,29.39,77,43,5.51,SB,1707196724
277,najaf,31.9985,44.3398,10.88,66,20,2.57,IQ,1707196725
278,belmonte,-15.8631,-38.8828,25.16,86,30,0.8,BR,1707196725
279,klyuchi,52.2667,79.1667,-5.78,86,93,4.51,RU,1707196725
280,magong,23.5654,119.5863,17.84,85,100,12.28,TW,1707196725
281,palmer,42.1584,-72.3287,-1.77,52,0,5.14,US,1707196725
282,mar del plata,-38.0023,-57.5575,21.08,89,0,7.6,AR,1707196686
283,hawaiian paradise park,19.5933,-154.9731,19.73,86,100,2.57,US,1707196539
284,muzaffarabad,34.37,73.4711,9.98,48,1,0.62,PK,1707196726
285,saint croix,17.7397,-64.7388,27.25,88,75,3.6,VI,1707196726
286,kuanda,56.3161,116.0806,-18.13,86,100,0.7,RU,1707196726
287,polyarnyy,69.1989,33.4478,-17.19,100,100,4.45,RU,1707196726
288,taunggyi,20.7833,97.0333,23.97,26,0,2.14,MM,1707196727
289,nantucket,41.2835,-70.0995,1.12,69,100,7.2,US,1707196530
290,minas de marcona,-15.2119,-75.1103,19.56,87,79,2.44,PE,1707196727
291,majene,-3.5403,118.9707,30.14,65,98,2.71,ID,1707196727
292,porto novo,6.4965,2.6036,24.9,51,7,1.61,BJ,1707196727
293,lethem,3.3803,-59.7968,27.31,68,92,3.66,GY,1707196728
294,gaalkacyo,6.7697,47.4308,24.87,58,36,6.9,SO,1707196728
295,tazacorte,28.629,-17.9293,20.08,22,0,3.6,ES,1707196728
296,port isabel,26.0734,-97.2086,13.02,82,0,2.57,US,1707196728
297,rikaze,29.25,88.8833,3.28,11,0,1.73,CN,1707196728
298,kralendijk,12.15,-68.2667,27.99,89,66,2.06,BQ,1707196671
299,mildura,-34.2,142.15,26.71,27,0,8.68,AU,1707196651
300,i-n-salah,27.1935,2.4607,11.42,38,56,5.04,DZ,1707196729
301,berdigestyakh,62.0989,126.6992,-23.93,93,69,0.6,RU,1707196729
302,kapa'a,22.0752,-159.319,23.18,73,20,8.23,US,1707196729
303,kittila,67.6647,24.8936,-20.92,77,100,0.51,FI,1707196730
304,koryazhma,61.3143,47.1691,-20.05,100,100,0.48,RU,1707196730
305,kingston,17.997,-76.7936,24.53,91,40,3.09,JM,1707196730
306,new norfolk,-42.7826,147.0587,20.95,31,79,4.15,AU,1707196730
307,ouallam,14.3188,2.0866,17.52,15,76,5.71,NE,1707196730
308,oyem,1.5995,11.5793,19.78,98,35,1.18,GA,1707196731
309,arteche,12.2645,125.4048,27.5,74,97,5.07,PH,1707196731
310,saint-philippe,-21.3585,55.7679,27.77,70,74,3.58,RE,1707196731
311,baruun-urt,46.6806,113.2792,-16.35,80,4,2.51,MN,1707196731
312,mirny,62.5353,113.9611,-10.86,93,100,1.25,RU,1707196561
313,lamu,-2.2717,40.902,27.5,81,56,4.25,KE,1707196732
314,bel ombre,-4.6167,55.4167,30.91,66,20,2.06,SC,1707196732
315,ngaoundere,7.3167,13.5833,15.94,25,100,2.15,CM,1707196632
316,lobujya,27.95,86.8167,-10.43,41,0,5.29,NP,1707196732
317,djenne,13.9061,-4.5533,19.68,13,0,4.14,ML,1707196733
318,tofol,5.3248,163.0078,28.05,74,99,6.99,FM,1707196733
319,farim,12.4839,-15.2217,20.06,33,0,0.83,GW,1707196702
320,port elizabeth,-33.918,25.5701,22.28,92,75,1.03,ZA,1707196733
321,nova sintra,14.8667,-24.7167,20.75,65,0,5.57,CV,1707196733
322,ancud,-41.8697,-73.8203,14.0,94,100,3.19,CL,1707196658
323,cide,41.8921,33.0044,10.65,82,78,6.91,TR,1707196734
324,altay,47.8667,88.1167,-5.99,72,16,0.88,CN,1707196734
325,almodovar,37.4959,-8.0937,11.37,73,100,1.34,PT,1707196734
326,lichuan,30.3,108.85,2.06,92,99,0.81,CN,1707196553
327,chui,-33.6971,-53.4616,19.75,80,79,3.64,UY,1707196734
328,pokhara,28.2333,83.9833,19.08,31,33,2.57,NP,1707196586
329,pesqueira,-8.3578,-36.6964,19.89,98,70,1.83,BR,1707196735
330,romny,50.751,33.4747,-1.4,86,95,5.41,UA,1707196735
331,barkly west,-28.5354,24.5215,19.6,19,0,1.01,ZA,1707196735
332,severnoye,56.3491,78.3619,-4.45,93,96,7.6,RU,1707196735
333,raja,8.4596,25.678,18.8,21,38,2.96,SS,1707196736
334,kismayo,-0.3582,42.5454,27.79,80,77,6.65,SO,1707196736
335,verkhotur'ye,58.8627,60.8054,-10.11,99,100,1.63,RU,1707196736
336,salalah,17.0151,54.0924,24.05,60,0,1.03,OM,1707196736
337,campo verde,-20.4167,-54.0667,20.97,96,100,2.22,BR,1707196736
338,walvis bay,-22.9575,14.5053,19.53,94,100,2.06,NA,1707196737
339,kyren,51.6828,102.1408,-7.81,68,67,0.45,RU,1707196737
340,wakkanai,45.4094,141.6739,-2.73,73,94,0.89,JP,1707196572
341,askoy,60.4092,5.226,-1.81,74,0,2.57,NO,1707196737
342,trapani,37.8333,12.6667,10.15,87,20,3.09,IT,1707196737
343,vila velha,-20.3297,-40.2925,26.97,91,40,3.09,BR,1707196738
344,mansa,29.9833,75.3833,17.28,31,0,2.73,IN,1707196738
345,pader palwo,2.8006,33.135,23.35,51,51,0.22,UG,1707196738
346,vorgashor,67.5833,63.95,-20.11,94,88,2.97,RU,1707196738
347,malpica,43.3228,-8.8105,11.32,83,99,2.27,ES,1707196738
348,fisterra,42.9049,-9.2629,10.01,79,98,2.45,ES,1707196739
349,pisco,-13.7,-76.2167,24.03,88,100,5.66,PE,1707196739
350,kiama,-34.6833,150.8667,21.11,91,100,0.89,AU,1707196739
351,northam,51.0333,-4.2167,10.77,97,100,12.2,GB,1707196739
352,pontian kechil,1.4866,103.3896,34.17,65,100,2.73,MY,1707196739
353,tolanaro,-25.0319,46.9987,25.75,81,65,5.81,MG,1707196739
354,mao,39.8885,4.2658,12.31,100,75,2.06,ES,1707196740
355,novodvinsk,64.4165,40.8122,-25.12,100,70,0.83,RU,1707196740
356,balykshi,47.0667,51.8667,1.0,100,100,7.0,KZ,1707196740
357,buchanan,5.8808,-10.0467,25.79,89,14,0.4,LR,1707196740
358,greymouth,-42.4667,171.2,18.95,72,25,3.26,NZ,1707196741
359,zara,44.1197,15.2422,7.34,100,20,2.57,HR,1707196741
360,canutama,-6.5339,-64.3831,23.02,97,55,0.84,BR,1707196741
361,port douglas,-16.4833,145.4667,28.75,79,33,1.82,AU,1707196741
362,ampanihy,-24.7,44.75,25.27,76,11,4.83,MG,1707196741
363,viqueque,-8.8673,126.3658,27.93,80,83,1.45,TL,1707196742
364,santa marta,11.2408,-74.199,28.03,78,75,0.0,CO,1707196742
365,usogorsk,63.4106,48.6872,-20.19,97,100,1.84,RU,1707196742
366,malvan,16.0667,73.4667,29.77,44,0,2.53,IN,1707196742
367,at-bashi,41.1702,75.8106,-8.57,67,100,0.31,KG,1707196743
368,marsa alam,25.0757,34.8918,16.68,56,0,6.43,EG,1707196743
369,atafu village,-8.5421,-172.5159,28.03,82,100,15.3,TK,1707196743
370,klyavlino,54.2649,52.0267,-1.26,96,100,7.57,RU,1707196743
371,kuhmo,64.1333,29.5167,-23.65,100,92,1.37,FI,1707196743
372,wamba,8.9333,8.6,20.63,22,99,1.44,NG,1707196744
373,ivdel',60.6911,60.4206,-21.56,100,100,0.45,RU,1707196744
374,mukalla,14.5425,49.1242,24.03,67,4,1.28,YE,1707196744
375,temnikov,54.6302,43.2148,-9.32,96,94,3.43,RU,1707196745
376,remire-montjoly,4.9167,-52.2667,27.02,94,75,1.54,GF,1707196745
377,palmas,-10.2128,-48.3603,23.93,94,20,2.57,BR,1707196745
378,tralee,52.2704,-9.7026,10.96,91,95,6.11,IE,1707196745
379,jalalabad,34.4265,70.4515,10.13,30,4,1.73,AF,1707196746
380,port macquarie,-31.4333,152.9167,29.38,66,9,3.65,AU,1707196550
381,ko pha ngan,9.7578,100.0291,29.38,75,74,2.98,TH,1707196746
382,kokpekty,48.75,82.4,-12.1,91,25,1.08,KZ,1707196746
383,laguna,38.421,-121.4238,11.99,91,100,2.06,US,1707196747
384,bijelo polje,43.0337,19.747,4.46,88,36,1.91,ME,1707196747
385,tobruk,32.0836,23.9764,13.17,80,0,5.3,LY,1707196747
386,vallenar,-28.5708,-70.7581,18.11,69,4,1.75,CL,1707196747
387,ust-nera,64.5667,143.2,-27.37,88,97,0.55,RU,1707196747
388,gumrak,48.7826,44.3824,-4.05,93,75,5.0,RU,1707196748
389,sydney,-33.8679,151.2073,23.2,77,75,12.35,AU,1707196668
390,kosh-agach,50.0,88.6667,-19.27,87,54,0.45,RU,1707196748
391,mahibadhoo,3.7833,72.9667,27.44,82,23,6.6,MV,1707196748
392,papao,-17.75,-149.55,27.82,88,100,12.51,PF,1707196749
393,sandnessjoen,66.0217,12.6316,-3.94,80,40,3.09,NO,1707196749
394,orlov,58.5395,48.8917,-25.42,100,100,1.99,RU,1707196749
395,vadso,70.0744,29.7487,-5.91,79,75,6.69,NO,1707196749
396,hilo,19.7297,-155.09,19.85,87,100,2.57,US,1707196750
397,mambajao,9.2504,124.7156,27.0,79,98,3.36,PH,1707196750
398,sarkand,45.41,79.9186,0.43,73,21,1.11,KZ,1707196750
399,kudahuvadhoo,2.6708,72.8944,27.7,80,38,6.86,MV,1707196750
400,bechar,31.6167,-2.2167,6.92,47,80,0.24,DZ,1707196750
401,angol,-37.8,-72.7167,17.91,82,99,1.66,CL,1707196751
402,al jawf,29.5,38.75,7.33,63,0,1.44,SA,1707196751
403,inhambane,-23.865,35.3833,25.48,84,5,2.7,MZ,1707196751
404,delvada,20.7667,71.0333,26.69,54,0,1.09,IN,1707196752
405,oamaru,-45.0784,170.9801,20.77,67,100,2.22,NZ,1707196752
406,qarqin,37.4185,66.0436,12.34,26,38,12.11,AF,1707196752
407,portland,45.5234,-122.6762,9.15,95,100,2.57,US,1707196611
408,jackson,42.4165,-122.8345,8.73,82,100,2.06,US,1707196752
409,fale old settlement,-9.3852,-171.2468,28.63,80,100,14.98,TK,1707196753
410,kolonia town,6.964,158.206,31.0,66,100,3.6,FM,1707196753
411,rudnya,54.947,31.0934,-4.19,94,97,5.41,RU,1707196753
412,ji'an,27.1172,114.9793,3.78,92,100,2.43,CN,1707196753
413,n'zeto,-7.2312,12.8666,26.16,86,96,1.63,AO,1707196635
414,antofagasta,-23.65,-70.4,22.97,78,7,0.94,CL,1707196533
415,parabel',58.6978,81.4825,-2.27,90,100,6.71,RU,1707196754
416,cajazeiras,-6.8903,-38.5553,24.05,66,65,1.65,BR,1707196755
417,codrington,-38.2667,141.9667,19.29,47,0,6.33,AU,1707196755
418,upata,8.0086,-62.3989,25.11,79,96,2.55,VE,1707196755
419,pacasmayo,-7.4006,-79.5714,24.95,78,64,4.15,PE,1707196755
420,malkerns,-26.5667,31.1833,20.38,91,17,0.27,SZ,1707196756
421,mugia,43.1041,-9.2179,10.09,81,99,2.66,ES,1707196756
422,mogocha,53.7333,119.7667,-10.99,66,27,1.37,RU,1707196756
423,dergachi,51.2328,48.7659,-1.14,93,100,4.07,RU,1707196756
424,srikakulam,18.3,83.9,28.63,58,0,3.22,IN,1707196757
425,iquique,-20.2208,-70.1431,23.02,82,0,0.3,CL,1707196757
426,manacapuru,-3.2997,-60.6206,25.51,85,38,1.71,BR,1707196757
427,murray bridge,-35.1167,139.2667,21.74,39,0,7.64,AU,1707196757
428,amalapuram,16.5833,82.0167,30.52,50,2,0.99,IN,1707196757
429,mpika,-11.8343,31.4529,17.46,97,100,1.31,ZM,1707196758
430,praia da vitoria,38.7333,-27.0667,18.2,82,75,8.22,PT,1707196758
431,warrnambool,-38.3833,142.4833,18.12,52,1,5.58,AU,1707196758
432,abepura,-2.6333,140.5833,30.45,66,40,5.14,ID,1707196758
433,pontianak,-0.0333,109.3333,31.99,70,75,3.6,ID,1707196758
434,chos malal,-37.3781,-70.2709,18.98,25,46,1.04,AR,1707196759
435,pangody,65.85,74.4859,-16.84,92,100,7.58,RU,1707196759
436,breves,-1.6822,-50.4803,23.72,95,56,1.72,BR,1707196759
437,wuyishan,28.0047,117.8114,6.35,99,100,1.68,CN,1707196759
438,bangar,16.8936,120.4243,31.4,54,10,3.84,PH,1707196760
439,okhotsk,59.3833,143.3,-18.28,81,90,5.07,RU,1707196760
440,quang ngai,15.1167,108.8,28.23,68,0,3.39,VN,1707196531
441,mahina,-17.5065,-149.489,27.87,83,40,7.72,PF,1707196760
442,qamdo,31.1667,97.2333,-1.96,23,56,3.6,CN,1707196761
443,wang sai phun,16.3885,100.538,36.01,20,1,2.27,TH,1707196761
444,luganville,-15.5333,167.1667,28.98,76,68,0.52,VU,1707196532
445,danville,36.586,-79.395,4.87,62,0,4.12,US,1707196649
446,labrador city,52.9463,-66.9114,-30.05,69,0,1.03,CA,1707196761
447,santiago de cao,-7.9589,-79.2392,24.07,83,100,2.06,PE,1707196761
448,san clemente del tuyu,-36.3569,-56.7235,21.66,75,38,8.11,AR,1707196762
449,aykhal,66.0,111.5,-18.66,95,100,1.4,RU,1707196762
450,selfoss,63.9331,-20.9971,-12.64,86,7,3.76,IS,1707196762
451,seymour,38.9592,-85.8903,2.94,89,0,3.05,US,1707196763
452,geneva,41.8875,-88.3054,1.55,91,100,3.6,US,1707196763
453,chornomorske,45.5039,32.6997,6.18,91,100,5.47,UA,1707196763
454,valparaiso,-33.0393,-71.6273,16.8,77,0,0.0,CL,1707196763
455,boa vista,2.8197,-60.6733,28.99,58,0,2.57,BR,1707196763
456,nyurba,63.2842,118.3319,-18.77,96,100,1.66,RU,1707196764
457,freeport,40.6576,-73.5832,1.67,53,0,5.14,US,1707196764
458,sonoita,31.85,-112.8333,17.16,43,100,3.43,MX,1707196764
459,athens,37.9795,23.7162,14.76,72,0,0.45,GR,1707196747
460,puerto aysen,-45.4,-72.7,13.5,92,98,1.69,CL,1707196638
461,magadan,59.5667,150.8,-15.26,77,100,3.13,RU,1707196764
462,hays,30.0502,-98.0336,11.14,84,0,0.89,US,1707196765
463,arraial do cabo,-22.9661,-42.0278,24.32,91,72,2.8,BR,1707196765
464,besisahar,28.2313,84.3761,19.36,27,2,2.81,NP,1707196765
465,dunda,-8.1167,34.25,19.35,93,100,0.78,TZ,1707196765
466,necochea,-38.5473,-58.7368,20.3,69,60,5.74,AR,1707196765
467,dunedin,-45.8742,170.5036,18.78,72,100,3.13,NZ,1707196766
468,onega,63.9061,38.1404,-27.92,99,45,0.64,RU,1707196766
469,zharkent,44.1628,80.0,-3.23,67,26,0.85,KZ,1707196586
470,saint-denis,48.9167,2.3333,9.09,87,100,8.23,FR,1707196766
471,tura,25.5198,90.2201,22.58,41,39,2.15,IN,1707196767
472,launceston,-41.45,147.1667,22.97,26,43,3.6,AU,1707196767
473,yuksekova,37.5736,44.2872,-10.14,85,40,3.09,TR,1707196767
474,kavaratti,10.5669,72.642,28.06,74,60,5.51,IN,1707196767
475,callao,-12.0667,-77.15,28.18,78,75,7.2,PE,1707196767
476,kristiansund,63.1115,7.732,-4.64,86,0,1.03,NO,1707196768
477,yashkino,55.8736,85.4265,-6.47,88,94,4.32,RU,1707196768
478,dhamar,14.5427,44.4051,13.49,77,83,1.88,YE,1707196768
479,severoural'sk,60.1533,59.952,-22.23,100,99,0.7,RU,1707196768
480,olyokminsk,60.3736,120.4264,-13.07,92,100,1.21,RU,1707196769
481,mapimi,25.8167,-103.85,12.87,26,38,2.58,MX,1707196769
482,san gabriel chilac,18.3167,-97.35,12.95,86,63,2.13,MX,1707196769
483,pavlodar,52.3,76.95,-10.11,85,0,4.0,KZ,1707196769
484,juneau,58.3019,-134.4197,1.0,97,100,3.09,US,1707196769
485,egersund,58.4513,5.9997,2.83,87,100,8.46,NO,1707196770
486,fall river,41.7015,-71.1551,1.12,63,75,3.13,US,1707196770
487,tottori,35.5,134.2333,8.04,53,75,6.17,JP,1707196770
488,tidjikja,18.5564,-11.4271,18.15,10,4,7.35,MR,1707196770
489,dashtobod,40.1269,68.4944,8.94,31,92,5.04,UZ,1707196770
490,babana,10.4295,3.815,21.27,15,83,3.42,NG,1707196771
491,baoqing,46.3317,132.2111,-8.83,72,38,3.69,CN,1707196771
492,mollendo,-17.0231,-72.0147,23.69,88,6,1.73,PE,1707196629
493,choibalsan,48.0667,114.5,-14.85,84,5,3.26,MN,1707196771
494,cuyo,10.8525,121.0086,26.25,85,67,8.11,PH,1707196771
495,severo-yeniseyskiy,60.3725,93.0408,-11.35,95,78,2.24,RU,1707196771
496,taranto,40.6167,17.25,7.87,92,30,1.16,IT,1707196772
497,axim,4.8699,-2.2405,25.38,93,3,1.44,GH,1707196772
498,sibay,52.7181,58.6658,-0.44,93,100,8.05,RU,1707196772
499,egilsstadir,65.2653,-14.3948,-7.05,68,75,4.12,IS,1707196772
500,cuatro cienegas de carranza,26.9833,-102.0833,12.5,43,6,2.35,MX,1707196773
501,dalaba,10.7,-12.25,17.07,23,1,0.86,GN,1707196773
502,stowbtsy,53.4785,26.7434,-0.61,91,100,2.82,BY,1707196773
503,naze,28.3667,129.4833,17.51,64,40,5.29,JP,1707196773
504,todos santos,23.45,-110.2167,20.17,85,66,2.68,MX,1707196773
505,dauphin,51.1494,-100.0502,1.08,86,100,3.6,CA,1707196774
506,pumiao,22.75,108.4833,11.22,87,100,3.18,CN,1707196774
507,yanbu,24.0891,38.0637,12.02,82,0,3.09,SA,1707196774
508,angel r. cabada,18.5833,-95.4333,19.61,65,54,5.5,MX,1707196774
509,taroa,8.7058,171.2275,27.36,77,99,6.89,MH,1707196774
510,gebeit,21.0667,36.3167,12.65,73,84,1.84,SD,1707196775
511,kintampo,8.0563,-1.7306,22.61,18,16,1.88,GH,1707196775
512,castillos,-34.1667,-53.8333,19.66,79,86,3.84,UY,1707196775
513,myeik,12.4333,98.6,29.91,48,19,2.97,MM,1707196775
514,taikang,46.8333,124.4167,-9.65,64,88,1.92,CN,1707196776
515,viedma,-40.8135,-62.9967,27.71,50,78,6.57,AR,1707196726
516,kampung sungai ara,5.327,100.2735,30.95,72,20,3.58,MY,1707196776
517,marshalltown,42.0494,-92.908,4.02,87,100,1.78,US,1707196774
518,guerrero negro,27.9769,-114.0611,16.17,70,54,2.21,MX,1707196591
519,antsiranana,-12.2787,49.2917,26.83,83,88,1.42,MG,1707196776
520,bengkulu,-3.8004,102.2655,28.98,69,88,2.66,ID,1707196777
521,sambava,-14.2667,50.1667,25.3,91,100,1.64,MG,1707196777
522,st. john's,47.5649,-52.7093,1.75,97,100,9.26,CA,1707196777
523,troitsko-pechorsk,62.7084,56.1964,-17.82,97,100,2.14,RU,1707196777
524,kokshetau,53.2775,69.3883,0.18,86,75,9.0,KZ,1707196777
525,ashgabat,37.95,58.3833,12.92,44,40,2.06,TM,1707196777
526,zhuanghe,39.7008,122.9911,-1.83,41,0,3.28,CN,1707196778
527,berezovyy,51.6667,135.7,-11.96,67,2,1.23,RU,1707196778
528,redencao,-4.2258,-38.7306,24.54,95,100,1.21,BR,1707196778
529,sault ste. marie,46.5168,-84.3333,-0.1,100,100,0.0,CA,1707196629
530,cabedelo,-6.9811,-34.8339,26.37,81,19,3.32,BR,1707196778
531,gwaram,11.2764,9.8858,14.16,25,66,2.82,NG,1707196779
532,kuala tungkal,-0.8167,103.4667,28.54,75,100,1.42,ID,1707196779
533,beyneu,45.3167,55.2,3.51,80,90,8.51,KZ,1707196779
534,touros,-5.1989,-35.4608,26.65,79,73,4.17,BR,1707196779
535,pathein,16.7833,94.7333,32.67,28,38,4.51,MM,1707196779
536,mumford,5.2618,-0.759,25.24,89,4,0.63,GH,1707196780
537,thousand palms,33.82,-116.3903,15.49,84,100,2.06,US,1707196780
538,mkushi,-13.6202,29.3939,18.79,89,95,1.24,ZM,1707196780
539,mamanguape,-6.8386,-35.1261,26.18,87,29,1.52,BR,1707196780
540,praia,14.9215,-23.5087,21.3,73,0,6.17,CV,1707196747
541,grand falls-windsor,48.9332,-55.6649,-0.28,95,100,8.92,CA,1707196781
542,sao paulo de olivenca,-3.3783,-68.8725,23.44,97,77,0.52,BR,1707196781
543,notodden,59.5594,9.2585,-11.11,86,100,1.55,NO,1707196781
544,enoch,37.7733,-113.0244,9.14,47,20,7.2,US,1707196781
545,dul'durga,50.6761,113.5931,-8.71,57,7,1.11,RU,1707196782
546,al hudaydah,14.7978,42.9545,26.18,74,98,2.9,YE,1707196782
547,dinalupihan,14.8732,120.4651,34.01,41,2,4.47,PH,1707196782
548,palikir - national government center,6.9248,158.1611,30.41,66,100,3.6,FM,1707196782
549,aspen,39.1911,-106.8175,2.08,74,0,3.09,US,1707196782
550,waingapu,-9.6567,120.2641,31.27,62,80,3.95,ID,1707196783
551,changji,44.0167,87.3167,-13.56,92,75,1.0,CN,1707196783
552,beau vallon,-20.4189,57.6953,28.13,61,40,4.63,MU,1707196783
553,al burayqah,30.4062,19.5739,15.48,78,11,4.8,LY,1707196783
554,bolama,11.5833,-15.4667,21.19,60,0,3.5,GW,1707196784
555,as-suwayda,32.709,36.5695,5.34,96,70,4.35,SY,1707196784
556,hozat,39.1083,39.2213,-5.97,84,56,1.94,TR,1707196784
557,nagqu,31.5,92.0,-3.97,8,67,11.0,CN,1707196784
558,chemolgan,43.1897,76.5292,-6.19,77,90,0.27,KZ,1707196784
559,sur,22.5667,59.5289,22.88,58,40,2.7,OM,1707196784
